val_acc,size,batch,acc,loss
10.53,125.504,3.416,10.300000061035156,2.327302572250366
13.75,125.504,3.416,10.000000053405762,2.3102796669006347
