val_acc,size,batch,acc,loss
15.8,125.504,3.416,11.199999969482421,2.3050701484680176
10.0,125.504,3.416,12.100000083923339,2.37699910736084
