epoch,loss,time,acc,val_loss,val_acc
0,5.870790004730225,2.9795184569999997,10.46875,5.867116212844849,9.0625
