val_acc,size,batch,acc,loss
10.0,125.504,3.416,11.500000026702882,2.338641757965088
10.0,125.504,3.416,11.499999969482422,2.332781732559204
