epoch,loss,time,acc,val_loss,val_acc
0,5.869408130645752,3.532380742,9.140625,5.8657269954681395,10.390625
